image, label
0.jpg, 2
1.jpg, 2
2.jpg, 2
3.jpg, 2
4.jpg, 2
5.jpg, 2
6.jpg, 2
7.jpg, 2
8.jpg, 2
9.jpg, 2
10.jpg, 2
11.jpg, 2
12.jpg, 2
13.jpg, 2
14.jpg, 2
15.jpg, 2
16.jpg, 2
17.jpg, 2
18.jpg, 2
19.jpg, 2
20.jpg, 2
21.jpg, 2
22.jpg, 2
23.jpg, 2
24.jpg, 2
25.jpg, 2
26.jpg, 2
27.jpg, 2
28.jpg, 2
29.jpg, 2
30.jpg, 2
31.jpg, 2
32.jpg, 2
33.jpg, 2
34.jpg, 2
35.jpg, 2
36.jpg, 2
37.jpg, 2
38.jpg, 2
39.jpg, 2
40.jpg, 2
41.jpg, 2
42.jpg, 2
43.jpg, 2
44.jpg, 2
45.jpg, 2
46.jpg, 2
47.jpg, 2
48.jpg, 2
49.jpg, 2
50.jpg, 2
51.jpg, 2
52.jpg, 2
53.jpg, 2
54.jpg, 2
55.jpg, 2
56.jpg, 2
57.jpg, 2
58.jpg, 2
59.jpg, 2
60.jpg, 2
61.jpg, 2
62.jpg, 2
63.jpg, 2
64.jpg, 2
65.jpg, 2
66.jpg, 2
67.jpg, 2
68.jpg, 2
69.jpg, 2
70.jpg, 2
71.jpg, 2
72.jpg, 2
73.jpg, 2
74.jpg, 2
75.jpg, 2
76.jpg, 2
77.jpg, 2
78.jpg, 2
79.jpg, 2
80.jpg, 2
81.jpg, 2
82.jpg, 2
83.jpg, 2
84.jpg, 2
85.jpg, 2
86.jpg, 2
87.jpg, 2
88.jpg, 2
89.jpg, 2
90.jpg, 2
91.jpg, 2
92.jpg, 2
93.jpg, 2
94.jpg, 2
95.jpg, 2
96.jpg, 2
97.jpg, 2
98.jpg, 2
99.jpg, 2
100.jpg, 2
101.jpg, 2
102.jpg, 2
103.jpg, 2
104.jpg, 2
105.jpg, 2
106.jpg, 2
107.jpg, 2
108.jpg, 2
109.jpg, 2
110.jpg, 2
111.jpg, 2
112.jpg, 2
113.jpg, 2
114.jpg, 2
115.jpg, 2
116.jpg, 2
117.jpg, 2
118.jpg, 2
119.jpg, 2
120.jpg, 2
121.jpg, 2
122.jpg, 2
123.jpg, 2
124.jpg, 2
125.jpg, 2
126.jpg, 2
127.jpg, 2
128.jpg, 2
129.jpg, 2
130.jpg, 2
131.jpg, 2
132.jpg, 2
133.jpg, 2
134.jpg, 2
135.jpg, 2
136.jpg, 2
137.jpg, 2
138.jpg, 2
139.jpg, 2
140.jpg, 2
141.jpg, 2
142.jpg, 2
143.jpg, 2
144.jpg, 2
145.jpg, 2
146.jpg, 2
147.jpg, 2
148.jpg, 2
149.jpg, 2
150.jpg, 2
151.jpg, 2
152.jpg, 2
153.jpg, 2
154.jpg, 2
155.jpg, 2
156.jpg, 2
157.jpg, 2
158.jpg, 2
159.jpg, 2
160.jpg, 2
161.jpg, 2
162.jpg, 2
163.jpg, 2
164.jpg, 2
165.jpg, 2
166.jpg, 2
167.jpg, 2
168.jpg, 2
169.jpg, 2
170.jpg, 2
171.jpg, 2
172.jpg, 2
173.jpg, 2
174.jpg, 2
175.jpg, 2
176.jpg, 2
177.jpg, 2
178.jpg, 2
179.jpg, 2
180.jpg, 2
181.jpg, 2
182.jpg, 2
183.jpg, 2
184.jpg, 2
185.jpg, 2
186.jpg, 2
187.jpg, 2
188.jpg, 2
189.jpg, 2
190.jpg, 2
191.jpg, 2
192.jpg, 2
193.jpg, 2
194.jpg, 2
195.jpg, 2
196.jpg, 2
197.jpg, 2
198.jpg, 2
199.jpg, 2
200.jpg, 2
201.jpg, 2
202.jpg, 2
203.jpg, 2
204.jpg, 2
205.jpg, 2
206.jpg, 2
207.jpg, 2
208.jpg, 2
209.jpg, 2
210.jpg, 2
211.jpg, 2
212.jpg, 2
213.jpg, 2
214.jpg, 2
215.jpg, 2
216.jpg, 2
217.jpg, 2
218.jpg, 2
219.jpg, 2
220.jpg, 2
221.jpg, 2
222.jpg, 2
223.jpg, 2
224.jpg, 2
225.jpg, 2
226.jpg, 2
227.jpg, 2
228.jpg, 2
229.jpg, 2
230.jpg, 2
231.jpg, 2
232.jpg, 2
233.jpg, 2
234.jpg, 2
235.jpg, 2
236.jpg, 2
237.jpg, 2
238.jpg, 2
239.jpg, 2
240.jpg, 2
241.jpg, 2
242.jpg, 2
243.jpg, 2
244.jpg, 2
245.jpg, 2
246.jpg, 2
247.jpg, 2
248.jpg, 2
249.jpg, 2
250.jpg, 2
251.jpg, 2
252.jpg, 2
253.jpg, 2
254.jpg, 2
255.jpg, 2
256.jpg, 2
257.jpg, 2
258.jpg, 2
259.jpg, 2
260.jpg, 2
261.jpg, 2
262.jpg, 2
263.jpg, 2
264.jpg, 2
265.jpg, 2
266.jpg, 2
267.jpg, 2
268.jpg, 2
269.jpg, 2
270.jpg, 2
271.jpg, 2
272.jpg, 2
273.jpg, 2
274.jpg, 2
275.jpg, 2
276.jpg, 2
277.jpg, 2
278.jpg, 2
279.jpg, 2
280.jpg, 2
281.jpg, 2
282.jpg, 2
283.jpg, 2
284.jpg, 2
285.jpg, 2
286.jpg, 2
287.jpg, 2
288.jpg, 2
289.jpg, 2
290.jpg, 2
291.jpg, 2
292.jpg, 2
293.jpg, 2
294.jpg, 2
295.jpg, 2
296.jpg, 2
297.jpg, 2
298.jpg, 2
299.jpg, 2
300.jpg, 2
301.jpg, 2
302.jpg, 2
303.jpg, 2
304.jpg, 2
305.jpg, 2
306.jpg, 2
307.jpg, 2
308.jpg, 2
309.jpg, 2
310.jpg, 2
311.jpg, 2
312.jpg, 2
313.jpg, 2
314.jpg, 2
315.jpg, 2
316.jpg, 2
317.jpg, 2
318.jpg, 2
319.jpg, 2
320.jpg, 2
321.jpg, 2
322.jpg, 2
323.jpg, 2
324.jpg, 2
325.jpg, 2
326.jpg, 2
327.jpg, 2
328.jpg, 2
329.jpg, 2
330.jpg, 2
331.jpg, 2
332.jpg, 2
333.jpg, 2
334.jpg, 2
335.jpg, 2
336.jpg, 2
337.jpg, 2
338.jpg, 2
339.jpg, 2
340.jpg, 2
341.jpg, 2
342.jpg, 2
343.jpg, 2
344.jpg, 2
345.jpg, 2
346.jpg, 2
347.jpg, 2
348.jpg, 2
349.jpg, 2
350.jpg, 2
351.jpg, 2
352.jpg, 2
353.jpg, 2
354.jpg, 2
355.jpg, 2
356.jpg, 2
357.jpg, 2
358.jpg, 2
359.jpg, 2
360.jpg, 2
361.jpg, 2
362.jpg, 2
363.jpg, 2
364.jpg, 2
365.jpg, 2
366.jpg, 2
367.jpg, 2
368.jpg, 2
369.jpg, 2
370.jpg, 2
371.jpg, 2
372.jpg, 2
373.jpg, 2
374.jpg, 2
375.jpg, 2
376.jpg, 2
377.jpg, 2
378.jpg, 2
379.jpg, 2
380.jpg, 2
381.jpg, 2
382.jpg, 2
383.jpg, 2
384.jpg, 2
385.jpg, 2
386.jpg, 2
387.jpg, 2
388.jpg, 2
389.jpg, 2
390.jpg, 2
391.jpg, 2
392.jpg, 2
393.jpg, 2
394.jpg, 2
395.jpg, 2
396.jpg, 2
397.jpg, 2
398.jpg, 2
399.jpg, 2
400.jpg, 2
401.jpg, 2
402.jpg, 2
403.jpg, 2
404.jpg, 2
405.jpg, 2
406.jpg, 2
407.jpg, 2
408.jpg, 2
409.jpg, 2
410.jpg, 2
411.jpg, 2
412.jpg, 2
413.jpg, 2
414.jpg, 2
415.jpg, 2
416.jpg, 2
417.jpg, 2
418.jpg, 2
419.jpg, 2
420.jpg, 2
421.jpg, 2
422.jpg, 2
423.jpg, 2
424.jpg, 2
425.jpg, 2
426.jpg, 2
427.jpg, 2
428.jpg, 2
429.jpg, 2
430.jpg, 2
431.jpg, 2
432.jpg, 2
433.jpg, 2
434.jpg, 2
435.jpg, 2
436.jpg, 2
437.jpg, 2
438.jpg, 2
439.jpg, 2
440.jpg, 2
441.jpg, 2
442.jpg, 2
443.jpg, 2
444.jpg, 2
445.jpg, 2
446.jpg, 2
447.jpg, 2
448.jpg, 2
449.jpg, 2
450.jpg, 2
451.jpg, 2
452.jpg, 2
453.jpg, 2
454.jpg, 2
455.jpg, 2
456.jpg, 2
457.jpg, 2
458.jpg, 2
459.jpg, 2
460.jpg, 2
461.jpg, 2
462.jpg, 2
463.jpg, 2
464.jpg, 2
465.jpg, 2
466.jpg, 2
467.jpg, 2
468.jpg, 2
469.jpg, 2
470.jpg, 2
471.jpg, 2
472.jpg, 2
473.jpg, 2
474.jpg, 2
475.jpg, 2
476.jpg, 2
477.jpg, 2
478.jpg, 2
479.jpg, 2
480.jpg, 2
481.jpg, 2
482.jpg, 2
483.jpg, 2
484.jpg, 2
485.jpg, 2
486.jpg, 2
487.jpg, 2
488.jpg, 2
489.jpg, 2
490.jpg, 2
491.jpg, 2
492.jpg, 2
493.jpg, 2
494.jpg, 2
495.jpg, 2
496.jpg, 2
497.jpg, 2
498.jpg, 2
499.jpg, 2
500.jpg, 2
501.jpg, 2
502.jpg, 2
503.jpg, 2
504.jpg, 2
505.jpg, 2
506.jpg, 2
507.jpg, 2
508.jpg, 2
509.jpg, 2
510.jpg, 2
511.jpg, 2
512.jpg, 2
513.jpg, 2
514.jpg, 2
515.jpg, 2
516.jpg, 2
517.jpg, 2
518.jpg, 2
519.jpg, 2
520.jpg, 2
521.jpg, 2
522.jpg, 2
523.jpg, 2
524.jpg, 2
525.jpg, 2
526.jpg, 2
527.jpg, 2
528.jpg, 2
529.jpg, 2
530.jpg, 2
531.jpg, 2
532.jpg, 2
533.jpg, 2
534.jpg, 2
535.jpg, 2
536.jpg, 2
537.jpg, 2
538.jpg, 2
539.jpg, 2
540.jpg, 2
541.jpg, 2
542.jpg, 2
543.jpg, 2
544.jpg, 2
545.jpg, 2
546.jpg, 2
547.jpg, 2
548.jpg, 2
549.jpg, 2
550.jpg, 2
551.jpg, 2
552.jpg, 2
553.jpg, 2
554.jpg, 2
555.jpg, 2
556.jpg, 2
557.jpg, 2
558.jpg, 2
559.jpg, 2
560.jpg, 2
561.jpg, 2
562.jpg, 2
563.jpg, 2
564.jpg, 2
565.jpg, 2
566.jpg, 2
567.jpg, 2
568.jpg, 2
569.jpg, 2
570.jpg, 2
571.jpg, 2
572.jpg, 2
573.jpg, 2
574.jpg, 2
575.jpg, 2
576.jpg, 2
577.jpg, 2
578.jpg, 2
579.jpg, 2
580.jpg, 2
581.jpg, 2
582.jpg, 2
583.jpg, 2
584.jpg, 2
585.jpg, 2
586.jpg, 2
587.jpg, 2
588.jpg, 2
589.jpg, 2
590.jpg, 2
591.jpg, 2
592.jpg, 2
593.jpg, 2
594.jpg, 2
595.jpg, 2
596.jpg, 2
597.jpg, 2
598.jpg, 2
599.jpg, 2
600.jpg, 2
601.jpg, 2
602.jpg, 2
603.jpg, 2
604.jpg, 2
605.jpg, 2
606.jpg, 2
607.jpg, 2
608.jpg, 2
609.jpg, 2
610.jpg, 2
611.jpg, 2
612.jpg, 2
613.jpg, 2
614.jpg, 2
615.jpg, 2
616.jpg, 2
617.jpg, 2
618.jpg, 2
619.jpg, 2
620.jpg, 2
621.jpg, 2
622.jpg, 2
623.jpg, 2
624.jpg, 2
625.jpg, 2
626.jpg, 2
627.jpg, 2
628.jpg, 2
629.jpg, 2
630.jpg, 2
631.jpg, 2
632.jpg, 2
633.jpg, 2
634.jpg, 2
635.jpg, 2
636.jpg, 2
637.jpg, 2
638.jpg, 2
639.jpg, 2
640.jpg, 2
641.jpg, 2
642.jpg, 2
643.jpg, 2
644.jpg, 2
645.jpg, 2
646.jpg, 2
647.jpg, 2
648.jpg, 2
649.jpg, 2
650.jpg, 2
651.jpg, 2
652.jpg, 2
653.jpg, 2
654.jpg, 2
655.jpg, 2
656.jpg, 2
657.jpg, 2
658.jpg, 2
659.jpg, 2
660.jpg, 2
661.jpg, 2
662.jpg, 2
663.jpg, 2
664.jpg, 2
665.jpg, 2
666.jpg, 2
667.jpg, 2
668.jpg, 2
669.jpg, 2
670.jpg, 2
671.jpg, 2
672.jpg, 2
673.jpg, 2
674.jpg, 2
675.jpg, 2
676.jpg, 2
677.jpg, 2
678.jpg, 2
679.jpg, 2
680.jpg, 2
681.jpg, 2
682.jpg, 2
683.jpg, 2
684.jpg, 2
685.jpg, 2
686.jpg, 2
687.jpg, 2
688.jpg, 2
689.jpg, 2
690.jpg, 2
691.jpg, 2
692.jpg, 2
693.jpg, 2
694.jpg, 2
695.jpg, 2
696.jpg, 2
697.jpg, 2
698.jpg, 2
699.jpg, 2
700.jpg, 2
701.jpg, 2
702.jpg, 2
703.jpg, 2
704.jpg, 2
705.jpg, 2
706.jpg, 2
707.jpg, 2
708.jpg, 2
709.jpg, 2
710.jpg, 2
711.jpg, 2
712.jpg, 2
713.jpg, 2
714.jpg, 2
715.jpg, 2
716.jpg, 2
717.jpg, 2
718.jpg, 2
719.jpg, 2
720.jpg, 2
721.jpg, 2
722.jpg, 2
723.jpg, 2
724.jpg, 2
725.jpg, 2
726.jpg, 2
727.jpg, 2
728.jpg, 2
729.jpg, 2
730.jpg, 2
731.jpg, 2
732.jpg, 2
733.jpg, 2
734.jpg, 2
735.jpg, 2
736.jpg, 2
737.jpg, 2
738.jpg, 2
739.jpg, 2
740.jpg, 2
741.jpg, 2
742.jpg, 2
743.jpg, 2
744.jpg, 2
745.jpg, 2
746.jpg, 2
747.jpg, 2
748.jpg, 2
749.jpg, 2
750.jpg, 2
751.jpg, 2
752.jpg, 2
753.jpg, 2
754.jpg, 2
755.jpg, 2
756.jpg, 2
757.jpg, 2
758.jpg, 2
759.jpg, 2
760.jpg, 2
761.jpg, 2
762.jpg, 2
763.jpg, 2
764.jpg, 2
765.jpg, 2
766.jpg, 2
767.jpg, 2
768.jpg, 2
769.jpg, 2
770.jpg, 2
771.jpg, 2
772.jpg, 2
773.jpg, 2
774.jpg, 2
775.jpg, 2
776.jpg, 2
777.jpg, 2
778.jpg, 2
779.jpg, 2
780.jpg, 2
781.jpg, 2
782.jpg, 2
783.jpg, 2
784.jpg, 2
785.jpg, 2
786.jpg, 2
787.jpg, 2
788.jpg, 2
789.jpg, 2
790.jpg, 2
791.jpg, 2
792.jpg, 2
793.jpg, 2
794.jpg, 2
795.jpg, 2
796.jpg, 2
797.jpg, 2
798.jpg, 2
799.jpg, 2
800.jpg, 2
801.jpg, 2
802.jpg, 2
803.jpg, 2
804.jpg, 2
805.jpg, 2
806.jpg, 2
807.jpg, 2
808.jpg, 2
809.jpg, 2
810.jpg, 2
811.jpg, 2
812.jpg, 2
813.jpg, 2
814.jpg, 2
815.jpg, 2
816.jpg, 2
817.jpg, 2
818.jpg, 2
819.jpg, 2
820.jpg, 2
821.jpg, 2
822.jpg, 2
823.jpg, 2
824.jpg, 2
825.jpg, 2
826.jpg, 2
827.jpg, 2
828.jpg, 2
829.jpg, 2
830.jpg, 2
831.jpg, 2
832.jpg, 2
833.jpg, 2
834.jpg, 2
835.jpg, 2
836.jpg, 2
837.jpg, 2
838.jpg, 2
839.jpg, 2
840.jpg, 2
841.jpg, 2
842.jpg, 2
843.jpg, 2
844.jpg, 2
845.jpg, 2
846.jpg, 2
847.jpg, 2
848.jpg, 2
849.jpg, 2
850.jpg, 2
851.jpg, 2
852.jpg, 2
853.jpg, 2
854.jpg, 2
855.jpg, 2
856.jpg, 2
857.jpg, 2
858.jpg, 2
859.jpg, 2
860.jpg, 2
861.jpg, 2
862.jpg, 2
863.jpg, 2
864.jpg, 2
865.jpg, 2
866.jpg, 2
867.jpg, 2
868.jpg, 2
869.jpg, 2
870.jpg, 2
871.jpg, 2
872.jpg, 2
873.jpg, 2
874.jpg, 2
875.jpg, 2
876.jpg, 2
877.jpg, 2
878.jpg, 2
879.jpg, 2
880.jpg, 2
881.jpg, 2
882.jpg, 2
883.jpg, 2
884.jpg, 2
885.jpg, 2
886.jpg, 2
887.jpg, 2
888.jpg, 2
889.jpg, 2
890.jpg, 2
891.jpg, 2
892.jpg, 2
893.jpg, 2
894.jpg, 2
895.jpg, 2
896.jpg, 2
897.jpg, 2
898.jpg, 2
899.jpg, 2
900.jpg, 2
901.jpg, 2
902.jpg, 2
903.jpg, 2
904.jpg, 2
905.jpg, 2
906.jpg, 2
907.jpg, 2
908.jpg, 2
909.jpg, 2
910.jpg, 2
911.jpg, 2
912.jpg, 2
913.jpg, 2
914.jpg, 2
915.jpg, 2
916.jpg, 2
917.jpg, 2
918.jpg, 2
919.jpg, 2
920.jpg, 2
921.jpg, 2
922.jpg, 2
923.jpg, 2
924.jpg, 2
925.jpg, 2
926.jpg, 2
927.jpg, 2
928.jpg, 2
929.jpg, 2
930.jpg, 2
931.jpg, 2
932.jpg, 2
933.jpg, 2
934.jpg, 2
935.jpg, 2
936.jpg, 2
937.jpg, 2
938.jpg, 2
939.jpg, 2
940.jpg, 2
941.jpg, 2
942.jpg, 2
943.jpg, 2
944.jpg, 2
945.jpg, 2
946.jpg, 2
947.jpg, 2
948.jpg, 2
949.jpg, 2
950.jpg, 2
951.jpg, 2
952.jpg, 2
953.jpg, 2
954.jpg, 2
955.jpg, 2
956.jpg, 2
957.jpg, 2
958.jpg, 2
959.jpg, 2
960.jpg, 2
961.jpg, 2
962.jpg, 2
963.jpg, 2
964.jpg, 2
965.jpg, 2
966.jpg, 2
967.jpg, 2
968.jpg, 2
969.jpg, 2
970.jpg, 2
971.jpg, 2
972.jpg, 2
973.jpg, 2
974.jpg, 2
975.jpg, 2
976.jpg, 2
977.jpg, 2
978.jpg, 2
979.jpg, 2
980.jpg, 2
981.jpg, 2
982.jpg, 2
983.jpg, 2
984.jpg, 2
985.jpg, 2
986.jpg, 2
987.jpg, 2
988.jpg, 2
989.jpg, 2
990.jpg, 2
991.jpg, 2
992.jpg, 2
993.jpg, 2
994.jpg, 2
995.jpg, 2
996.jpg, 2
997.jpg, 2
998.jpg, 2
999.jpg, 2
1000.jpg, 2
1001.jpg, 2
1002.jpg, 2
1003.jpg, 2
1004.jpg, 2
1005.jpg, 2
1006.jpg, 2
1007.jpg, 2
1008.jpg, 2
1009.jpg, 2
1010.jpg, 2
1011.jpg, 2
1012.jpg, 2
1013.jpg, 2
1014.jpg, 2
1015.jpg, 2
1016.jpg, 2
1017.jpg, 2
1018.jpg, 2
1019.jpg, 2
1020.jpg, 2
1021.jpg, 2
1022.jpg, 2
1023.jpg, 2
1024.jpg, 2
1025.jpg, 2
1026.jpg, 2
1027.jpg, 2
1028.jpg, 2
1029.jpg, 2
1030.jpg, 2
1031.jpg, 2
1032.jpg, 2
1033.jpg, 2
1034.jpg, 2
1035.jpg, 2
1036.jpg, 2
1037.jpg, 2
1038.jpg, 2
1039.jpg, 2
1040.jpg, 2
1041.jpg, 2
1042.jpg, 2
1043.jpg, 2
1044.jpg, 2
1045.jpg, 2
1046.jpg, 2
1047.jpg, 2
1048.jpg, 2
1049.jpg, 2
1050.jpg, 2
1051.jpg, 2
1052.jpg, 2
1053.jpg, 2
1054.jpg, 2
1055.jpg, 2
1056.jpg, 2
1057.jpg, 2
1058.jpg, 2
1059.jpg, 2
1060.jpg, 2
1061.jpg, 2
1062.jpg, 2
1063.jpg, 2
1064.jpg, 2
1065.jpg, 2
